<?xml version="1.0" encoding="UTF-8"?>
<metadata xml:lang="pt"><Esri><CreaDate>20220414</CreaDate><CreaTime>15464600</CreaTime><ArcGISFormat>1.0</ArcGISFormat><ArcGISstyle>North American Profile of ISO19115 2003</ArcGISstyle><SyncOnce>FALSE</SyncOnce><DataProperties><lineage><Process ToolSource="c:\program files (x86)\arcgis\desktop10.5\ArcToolbox\Toolboxes\Data Management Tools.tbx\CalculateField" Date="20181218" Time="111609" Name="" export="">CalculateField APZCM_APs_18_12 TemaAcPrin "Gestão e Governança" VB #</Process><Process ToolSource="c:\program files (x86)\arcgis\desktop10.5\ArcToolbox\Toolboxes\Data Management Tools.tbx\CalculateField" Date="20181218" Time="111635" Name="" export="">CalculateField APZCM_APs_18_12 TemaAcPrin "Gestão e Governança" VB #</Process><Process ToolSource="c:\program files (x86)\arcgis\desktop10.5\ArcToolbox\Toolboxes\Data Management Tools.tbx\CalculateField" Date="20181218" Time="111703" Name="" export="">CalculateField APZCM_APs_18_12 TemaAcPrin "Mitigação de Impactos" VB #</Process><Process ToolSource="c:\program files (x86)\arcgis\desktop10.5\ArcToolbox\Toolboxes\Data Management Tools.tbx\CalculateField" Date="20181218" Time="111732" Name="" export="">CalculateField APZCM_APs_18_12 TemaAcPrin "MGestão do Conhecimento" VB #</Process><Process ToolSource="c:\program files (x86)\arcgis\desktop10.5\ArcToolbox\Toolboxes\Data Management Tools.tbx\CalculateField" Date="20181218" Time="111738" Name="" export="">CalculateField APZCM_APs_18_12 TemaAcPrin "Gestão do Conhecimento" VB #</Process><Process ToolSource="c:\program files (x86)\arcgis\desktop10.5\ArcToolbox\Toolboxes\Data Management Tools.tbx\CalculateField" Date="20181218" Time="111758" Name="" export="">CalculateField APZCM_APs_18_12 TemaAcPrin "Uso Sustentável dos Recursos" VB #</Process><Process ToolSource="c:\program files (x86)\arcgis\desktop10.5\ArcToolbox\Toolboxes\Data Management Tools.tbx\CalculateField" Date="20181218" Time="111921" Name="" export="">CalculateField APZCM_APs_18_12 AcPrincNom "Criação de Unidade de Conservação" VB #</Process><Process ToolSource="c:\program files (x86)\arcgis\desktop10.5\ArcToolbox\Toolboxes\Data Management Tools.tbx\CalculateField" Date="20181218" Time="112016" Name="" export="">CalculateField APZCM_APs_18_12 AcPrincNom "Ampliação de Unidade de Conservação" VB #</Process><Process ToolSource="c:\program files (x86)\arcgis\desktop10.5\ArcToolbox\Toolboxes\Data Management Tools.tbx\CalculateField" Date="20181218" Time="112101" Name="" export="">CalculateField APZCM_APs_18_12 AcPrincNom "Estabelecimento de Área de Conservação e Reprodução de Espécies (ACRE)/Áreas de Exclusão a Pesca" VB #</Process><Process ToolSource="c:\program files (x86)\arcgis\desktop10.5\ArcToolbox\Toolboxes\Data Management Tools.tbx\CalculateField" Date="20181218" Time="112149" Name="" export="">CalculateField APZCM_APs_18_12 AcPrincNom "Gestão integrada de áreas protegidas" VB #</Process><Process ToolSource="c:\program files (x86)\arcgis\desktop10.5\ArcToolbox\Toolboxes\Data Management Tools.tbx\CalculateField" Date="20181218" Time="112243" Name="" export="">CalculateField APZCM_APs_18_12 AcPrincNom "Criação e Fortalecimento de Instrumentos de Gestão Territorial" VB #</Process><Process ToolSource="c:\program files (x86)\arcgis\desktop10.5\ArcToolbox\Toolboxes\Data Management Tools.tbx\CalculateField" Date="20181218" Time="112310" Name="" export="">CalculateField APZCM_APs_18_12 AcPrincNom "Terras Indígenas" VB #</Process><Process ToolSource="c:\program files (x86)\arcgis\desktop10.5\ArcToolbox\Toolboxes\Data Management Tools.tbx\CalculateField" Date="20181218" Time="112331" Name="" export="">CalculateField APZCM_APs_18_12 AcPrincNom "Reconhecimento de áreas conservadas por comunidades tradicionais" VB #</Process><Process ToolSource="c:\program files (x86)\arcgis\desktop10.5\ArcToolbox\Toolboxes\Data Management Tools.tbx\CalculateField" Date="20181218" Time="112355" Name="" export="">CalculateField APZCM_APs_18_12 AcPrincNom "Fiscalização e controle de atividades ilegais" VB #</Process><Process ToolSource="c:\program files (x86)\arcgis\desktop10.5\ArcToolbox\Toolboxes\Data Management Tools.tbx\CalculateField" Date="20181218" Time="112424" Name="" export="">CalculateField APZCM_APs_18_12 AcPrincNom "Redução de impacto de atividade degradante" VB #</Process><Process ToolSource="c:\program files (x86)\arcgis\desktop10.5\ArcToolbox\Toolboxes\Data Management Tools.tbx\CalculateField" Date="20181218" Time="112612" Name="" export="">CalculateField APZCM_APs_18_12 AcPrincNom "Recuperação de áreas degradadas" VB #</Process><Process ToolSource="c:\program files (x86)\arcgis\desktop10.5\ArcToolbox\Toolboxes\Data Management Tools.tbx\CalculateField" Date="20181218" Time="112618" Name="" export="">CalculateField APZCM_APs_18_12 AcPrincNom "Recuperação de áreas degradadas" VB #</Process><Process ToolSource="c:\program files (x86)\arcgis\desktop10.5\ArcToolbox\Toolboxes\Data Management Tools.tbx\CalculateField" Date="20181218" Time="112635" Name="" export="">CalculateField APZCM_APs_18_12 AcPrincNom "Controle, erradicação e prevenção de espécies invasoras" VB #</Process><Process ToolSource="c:\program files (x86)\arcgis\desktop10.5\ArcToolbox\Toolboxes\Data Management Tools.tbx\CalculateField" Date="20181218" Time="112657" Name="" export="">CalculateField APZCM_APs_18_12 AcPrincNom "Recuperação de espécies" VB #</Process><Process ToolSource="c:\program files (x86)\arcgis\desktop10.5\ArcToolbox\Toolboxes\Data Management Tools.tbx\CalculateField" Date="20181218" Time="112719" Name="" export="">CalculateField APZCM_APs_18_12 AcPrincNom "Estudos de impacto sinérgico no licenciamento" VB #</Process><Process ToolSource="c:\program files (x86)\arcgis\desktop10.5\ArcToolbox\Toolboxes\Data Management Tools.tbx\CalculateField" Date="20181218" Time="112739" Name="" export="">CalculateField APZCM_APs_18_12 AcPrincNom "Adaptação à mudanças do clima" VB #</Process><Process ToolSource="c:\program files (x86)\arcgis\desktop10.5\ArcToolbox\Toolboxes\Data Management Tools.tbx\CalculateField" Date="20181218" Time="112802" Name="" export="">CalculateField APZCM_APs_18_12 AcPrincNom "Declarar como área não apta para atividades impactantes (mineração, exploração de O&amp;G, carcinicultura" VB #</Process><Process ToolSource="c:\program files (x86)\arcgis\desktop10.5\ArcToolbox\Toolboxes\Data Management Tools.tbx\CalculateField" Date="20181218" Time="112832" Name="" export="">CalculateField APZCM_APs_18_12 AcPrincNom "Pesquisa" VB #</Process><Process ToolSource="c:\program files (x86)\arcgis\desktop10.5\ArcToolbox\Toolboxes\Data Management Tools.tbx\CalculateField" Date="20181218" Time="112904" Name="" export="">CalculateField APZCM_APs_18_12 AcPrincNom "Monitoramento" VB #</Process><Process ToolSource="c:\program files (x86)\arcgis\desktop10.5\ArcToolbox\Toolboxes\Data Management Tools.tbx\CalculateField" Date="20181218" Time="112924" Name="" export="">CalculateField APZCM_APs_18_12 AcPrincNom "Manejo de Recursos" VB #</Process><Process ToolSource="c:\program files (x86)\arcgis\desktop10.5\ArcToolbox\Toolboxes\Data Management Tools.tbx\CalculateField" Date="20181218" Time="112946" Name="" export="">CalculateField APZCM_APs_18_12 AcPrincNom "Turismo sustentável" VB #</Process><Process ToolSource="c:\program files (x86)\arcgis\desktop10.5\ArcToolbox\Toolboxes\Data Management Tools.tbx\CalculateField" Date="20181218" Time="113008" Name="" export="">CalculateField APZCM_APs_18_12 AcPrincNom "Produção sustentavel (atividades em terra)" VB #</Process><Process ToolSource="c:\program files (x86)\arcgis\desktop10.5\ArcToolbox\Toolboxes\Data Management Tools.tbx\CalculateField" Date="20181218" Time="160530" Name="" export="">CalculateField APZCM_APs_18_12 NOME_AP "&lt;não atribuído pelos especialistas&gt;" VB #</Process><Process ToolSource="c:\program files (x86)\arcgis\desktop10.5\ArcToolbox\Toolboxes\Data Management Tools.tbx\Project" Date="20181218" Time="161629" Name="" export="">Project APZCM_APs_18_12 "C:\Users\scosta\Desktop\APZCM Conabio\Revisao 17_12\APZCM_APs_18_12_prj.shp" PROJCS['IBGE_South_America_Albers_Equal_Area_Conic',GEOGCS['GCS_SIRGAS_2000',DATUM['D_SIRGAS_2000',SPHEROID['GRS_1980',6378137.0,298.257222101]],PRIMEM['Greenwich',0.0],UNIT['Degree',0.0174532925199433]],PROJECTION['Albers'],PARAMETER['False_Easting',0.0],PARAMETER['False_Northing',0.0],PARAMETER['Central_Meridian',-54.0],PARAMETER['Standard_Parallel_1',-2.0],PARAMETER['Standard_Parallel_2',-22.0],PARAMETER['Latitude_Of_Origin',-12.0],UNIT['Meter',1.0]] # GEOGCS['GCS_SIRGAS_2000',DATUM['D_SIRGAS_2000',SPHEROID['GRS_1980',6378137.0,298.257222101]],PRIMEM['Greenwich',0.0],UNIT['Degree',0.0174532925199433]] NO_PRESERVE_SHAPE # NO_VERTICAL</Process><Process ToolSource="c:\program files (x86)\arcgis\desktop10.1\ArcToolbox\Toolboxes\Data Management Tools.tbx\CopyFeatures" Date="20181219" Time="103911" Name="" export="">CopyFeatures APZCM_APs_18_12_prj C:\Users\50589369172\Documents\ArcGIS\Shapes_AP_site.gdb\Shapes_Biomas\APZCM_APs_18_12_prj # 0 0 0</Process><Process ToolSource="c:\program files (x86)\arcgis\desktop10.1\ArcToolbox\Toolboxes\Data Management Tools.tbx\DeleteField" Date="20181219" Time="160041" Name="" export="">DeleteField ZCM18_12 OBJECTID;N;ID_AP_1;URG;AcPrincDet;Ac2Det;Ac3Det;TemaAcPrin;Shape_Leng;Shape_Area</Process><Process ToolSource="c:\program files (x86)\arcgis\desktop10.1\ArcToolbox\Toolboxes\Data Management Tools.tbx\DeleteField" Date="20181219" Time="173019" Name="" export="">DeleteField ZonaCosteiraMarina Sobrepos</Process><Process ToolSource="c:\program files (x86)\arcgis\desktop10.1\ArcToolbox\Toolboxes\Data Management Tools.tbx\Merge" Date="20181219" Time="173219" Name="" export="">Merge ZonaCosteiraMarina;IC C:\Users\50589369172\Documents\ArcGIS\Default.gdb\ZonaCosteiraMarina_Merge "NOME_AP "NOME_AP" true true false 254 Text 0 0 ,First,#,ZonaCosteiraMarina,NOME_AP,-1,-1,IC,NOME_AP,-1,-1;ID_AP "ID_AP" true true false 50 Text 0 0 ,First,#,ZonaCosteiraMarina,ID_AP,-1,-1,IC,ID_AP,-1,-1;IMP "IMP" true true false 254 Text 0 0 ,First,#,ZonaCosteiraMarina,IMP,-1,-1,IC,IMP,-1,-1;PRIO "PRIO" true true false 254 Text 0 0 ,First,#,ZonaCosteiraMarina,PRIO,-1,-1,IC,PRIO,-1,-1;AREA "AREA" true true false 19 Double 0 0 ,First,#,ZonaCosteiraMarina,AREA,-1,-1,IC,AREA,-1,-1;AcPrinc "AcPrinc" true true false 19 Double 0 0 ,First,#,ZonaCosteiraMarina,AcPrinc,-1,-1,IC,AcPrinc,-1,-1;Ac2 "Ac2" true true false 19 Double 0 0 ,First,#,ZonaCosteiraMarina,Ac2,-1,-1,IC,Ac2,-1,-1;Ac3 "Ac3" true true false 19 Double 0 0 ,First,#,ZonaCosteiraMarina,Ac3,-1,-1,IC,Ac3,-1,-1;AcPrincNom "AcPrincNom" true true false 100 Text 0 0 ,First,#,ZonaCosteiraMarina,AcPrincNom,-1,-1,IC,AcPrincNom,-1,-1"</Process><Process ToolSource="c:\program files (x86)\arcgis\desktop10.1\ArcToolbox\Toolboxes\Data Management Tools.tbx\CalculateField" Date="20190522" Time="174050">CalculateField PuroSangue\ZonaCosteiraMarinha1.1 COD_area_U [ID_AP] VB #</Process></lineage><itemProps><itemName Sync="TRUE">ZonaCosteiraMarina_Merge</itemName><imsContentType Sync="TRUE">002</imsContentType><itemLocation><linkage Sync="TRUE">file://\\EST3951\Users\50589369172\Documents\ArcGIS\Default.gdb</linkage><protocol Sync="TRUE">Local Area Network</protocol></itemLocation></itemProps><coordRef><type Sync="TRUE">Geographic</type><geogcsn Sync="TRUE">GCS_SIRGAS_2000</geogcsn><csUnits Sync="TRUE">Angular Unit: Degree (0.017453)</csUnits><peXml Sync="TRUE">&lt;GeographicCoordinateSystem xsi:type='typens:GeographicCoordinateSystem' xmlns:xsi='http://www.w3.org/2001/XMLSchema-instance' xmlns:xs='http://www.w3.org/2001/XMLSchema' xmlns:typens='http://www.esri.com/schemas/ArcGIS/10.1'&gt;&lt;WKT&gt;GEOGCS[&amp;quot;GCS_SIRGAS_2000&amp;quot;,DATUM[&amp;quot;D_SIRGAS_2000&amp;quot;,SPHEROID[&amp;quot;GRS_1980&amp;quot;,6378137.0,298.257222101]],PRIMEM[&amp;quot;Greenwich&amp;quot;,0.0],UNIT[&amp;quot;Degree&amp;quot;,0.0174532925199433],AUTHORITY[&amp;quot;EPSG&amp;quot;,4674]]&lt;/WKT&gt;&lt;XOrigin&gt;-400&lt;/XOrigin&gt;&lt;YOrigin&gt;-400&lt;/YOrigin&gt;&lt;XYScale&gt;1111948722.2222221&lt;/XYScale&gt;&lt;ZOrigin&gt;-100000&lt;/ZOrigin&gt;&lt;ZScale&gt;10000&lt;/ZScale&gt;&lt;MOrigin&gt;-100000&lt;/MOrigin&gt;&lt;MScale&gt;10000&lt;/MScale&gt;&lt;XYTolerance&gt;8.9831528411952133e-009&lt;/XYTolerance&gt;&lt;ZTolerance&gt;0.001&lt;/ZTolerance&gt;&lt;MTolerance&gt;0.001&lt;/MTolerance&gt;&lt;HighPrecision&gt;true&lt;/HighPrecision&gt;&lt;LeftLongitude&gt;-180&lt;/LeftLongitude&gt;&lt;WKID&gt;4674&lt;/WKID&gt;&lt;LatestWKID&gt;4674&lt;/LatestWKID&gt;&lt;/GeographicCoordinateSystem&gt;</peXml></coordRef></DataProperties><SyncDate>20181219</SyncDate><SyncTime>17321800</SyncTime><ModDate>20181221</ModDate><ModTime>11304500</ModTime><scaleRange><minScale>150000000</minScale><maxScale>5000</maxScale></scaleRange><ArcGISProfile>ItemDescription</ArcGISProfile></Esri><dataIdInfo><envirDesc Sync="TRUE">Microsoft Windows 7 Version 6.1 (Build 7601) Service Pack 1; Esri ArcGIS 10.1.0.3035</envirDesc><dataLang><languageCode value="por" Sync="TRUE"/><countryCode value="BRA" Sync="TRUE"/></dataLang><idCitation><resTitle Sync="FALSE">Áreas prioritárias para a conservação da Zona Costeira e Marinha</resTitle><presForm><PresFormCd value="005" Sync="TRUE"/></presForm></idCitation><spatRpType><SpatRepTypCd value="001" Sync="TRUE"/></spatRpType><idPurp>Áreas prioritárias para a conservação, uso sustentável e repartição dos benefícios da biodiversidade da Zona Costeira e Marinha resultantes do 2º processo de atualização (Portaria MMA 463/2018). Obs: Áreas sem sobreposição com outros biomas</idPurp><idAbs>&lt;DIV STYLE="text-align:Left;"&gt;&lt;DIV&gt;&lt;DIV&gt;&lt;P&gt;&lt;SPAN&gt;&lt;SPAN&gt;A tabela de atributos é composta dos seguintes campos:&lt;/SPAN&gt;&lt;/SPAN&gt;&lt;/P&gt;&lt;P&gt;&lt;SPAN&gt;Nome_&lt;/SPAN&gt;&lt;SPAN&gt;AP&lt;/SPAN&gt;&lt;SPAN&gt;: nome da área prioritária&lt;/SPAN&gt;&lt;/P&gt;&lt;P&gt;&lt;SPAN&gt;ID_AP&lt;/SPAN&gt;&lt;SPAN&gt;: Código da área prioritária em formato alfa-numérico;&lt;/SPAN&gt;&lt;/P&gt;&lt;P&gt;&lt;SPAN&gt;I&lt;/SPAN&gt;&lt;SPAN&gt;MP&lt;/SPAN&gt;&lt;SPAN&gt;: Importância biológica da área prioritária;&lt;/SPAN&gt;&lt;/P&gt;&lt;P&gt;&lt;SPAN&gt;P&lt;/SPAN&gt;&lt;SPAN&gt;RIO&lt;/SPAN&gt;&lt;SPAN&gt;: Prioridade de ação da Área Prioritária;&lt;/SPAN&gt;&lt;/P&gt;&lt;P&gt;&lt;SPAN&gt;AREA&lt;/SPAN&gt;&lt;SPAN&gt;: Área total da área prioritária em hectares;&lt;/SPAN&gt;&lt;SPAN&gt;&lt;SPAN /&gt;&lt;/SPAN&gt;&lt;/P&gt;&lt;P&gt;&lt;SPAN&gt;Ac_princ: Código da ação principal recomendada para a área &lt;/SPAN&gt;&lt;/P&gt;&lt;P&gt;&lt;SPAN&gt;Ac2: Código da Ação Recomendada 2&lt;/SPAN&gt;&lt;/P&gt;&lt;P&gt;&lt;SPAN&gt;Ac3: Código da Ação Recomendada 3&lt;/SPAN&gt;&lt;/P&gt;&lt;P&gt;&lt;SPAN&gt;AcPrinNom: nome da ação principal&lt;/SPAN&gt;&lt;/P&gt;&lt;P /&gt;&lt;/DIV&gt;&lt;/DIV&gt;&lt;/DIV&gt;</idAbs><idCredit>Elaborado pelo Consórcio CI-Brasil e WWF-Brasil</idCredit><searchKeys><keyword>PSC</keyword><keyword>AP</keyword><keyword>área prioritária</keyword><keyword>Zona Costeira e Marinha</keyword></searchKeys></dataIdInfo><mdLang><languageCode value="por" Sync="TRUE"/><countryCode value="BRA" Sync="TRUE"/></mdLang><distInfo><distFormat><formatName Sync="TRUE">File Geodatabase Feature Class</formatName></distFormat></distInfo><mdHrLv><ScopeCd value="005" Sync="TRUE"/></mdHrLv><mdHrLvName Sync="TRUE">dataset</mdHrLvName><refSysInfo><RefSystem><refSysID><identCode code="4674" Sync="TRUE" value="4674"/><idCodeSpace Sync="TRUE">EPSG</idCodeSpace><idVersion Sync="TRUE">7.9.4</idVersion></refSysID></RefSystem></refSysInfo><spatRepInfo><VectSpatRep><geometObjs Name="ZonaCosteiraMarina_Merge"><geoObjTyp><GeoObjTypCd value="002" Sync="TRUE"/></geoObjTyp><geoObjCnt Sync="TRUE">0</geoObjCnt></geometObjs><topLvl><TopoLevCd value="001" Sync="TRUE"/></topLvl></VectSpatRep></spatRepInfo><spdoinfo><ptvctinf><esriterm Name="ZonaCosteiraMarina_Merge"><efeatyp Sync="TRUE">Simple</efeatyp><efeageom code="4" Sync="TRUE"/><esritopo Sync="TRUE">FALSE</esritopo><efeacnt Sync="TRUE">0</efeacnt><spindex Sync="TRUE">TRUE</spindex><linrefer Sync="TRUE">TRUE</linrefer></esriterm></ptvctinf></spdoinfo><eainfo><detailed Name="ZonaCosteiraMarina_Merge"><enttyp><enttypl Sync="TRUE">ZonaCosteiraMarina_Merge</enttypl><enttypt Sync="TRUE">Feature Class</enttypt><enttypc Sync="TRUE">0</enttypc></enttyp><attr><attrlabl Sync="TRUE">OBJECTID</attrlabl><attalias Sync="TRUE">OBJECTID</attalias><attrtype Sync="TRUE">OID</attrtype><attwidth Sync="TRUE">4</attwidth><atprecis Sync="TRUE">0</atprecis><attscale Sync="TRUE">0</attscale><attrdef Sync="TRUE">Internal feature number.</attrdef><attrdefs Sync="TRUE">Esri</attrdefs><attrdomv><udom Sync="TRUE">Sequential unique whole numbers that are automatically generated.</udom></attrdomv></attr><attr><attrlabl Sync="TRUE">Shape</attrlabl><attalias Sync="TRUE">Shape</attalias><attrtype Sync="TRUE">Geometry</attrtype><attwidth Sync="TRUE">0</attwidth><atprecis Sync="TRUE">0</atprecis><attscale Sync="TRUE">0</attscale><attrdef Sync="TRUE">Feature geometry.</attrdef><attrdefs Sync="TRUE">Esri</attrdefs><attrdomv><udom Sync="TRUE">Coordinates defining the features.</udom></attrdomv></attr><attr><attrlabl Sync="TRUE">NOME_AP</attrlabl><attalias Sync="TRUE">NOME_AP</attalias><attrtype Sync="TRUE">String</attrtype><attwidth Sync="TRUE">254</attwidth><atprecis Sync="TRUE">0</atprecis><attscale Sync="TRUE">0</attscale></attr><attr><attrlabl Sync="TRUE">ID_AP</attrlabl><attalias Sync="TRUE">ID_AP</attalias><attrtype Sync="TRUE">String</attrtype><attwidth Sync="TRUE">50</attwidth><atprecis Sync="TRUE">0</atprecis><attscale Sync="TRUE">0</attscale></attr><attr><attrlabl Sync="TRUE">IMP</attrlabl><attalias Sync="TRUE">IMP</attalias><attrtype Sync="TRUE">String</attrtype><attwidth Sync="TRUE">254</attwidth><atprecis Sync="TRUE">0</atprecis><attscale Sync="TRUE">0</attscale></attr><attr><attrlabl Sync="TRUE">PRIO</attrlabl><attalias Sync="TRUE">PRIO</attalias><attrtype Sync="TRUE">String</attrtype><attwidth Sync="TRUE">254</attwidth><atprecis Sync="TRUE">0</atprecis><attscale Sync="TRUE">0</attscale></attr><attr><attrlabl Sync="TRUE">AREA</attrlabl><attalias Sync="TRUE">AREA</attalias><attrtype Sync="TRUE">Double</attrtype><attwidth Sync="TRUE">8</attwidth><atprecis Sync="TRUE">0</atprecis><attscale Sync="TRUE">0</attscale></attr><attr><attrlabl Sync="TRUE">AcPrinc</attrlabl><attalias Sync="TRUE">AcPrinc</attalias><attrtype Sync="TRUE">Double</attrtype><attwidth Sync="TRUE">8</attwidth><atprecis Sync="TRUE">0</atprecis><attscale Sync="TRUE">0</attscale></attr><attr><attrlabl Sync="TRUE">Ac2</attrlabl><attalias Sync="TRUE">Ac2</attalias><attrtype Sync="TRUE">Double</attrtype><attwidth Sync="TRUE">8</attwidth><atprecis Sync="TRUE">0</atprecis><attscale Sync="TRUE">0</attscale></attr><attr><attrlabl Sync="TRUE">Ac3</attrlabl><attalias Sync="TRUE">Ac3</attalias><attrtype Sync="TRUE">Double</attrtype><attwidth Sync="TRUE">8</attwidth><atprecis Sync="TRUE">0</atprecis><attscale Sync="TRUE">0</attscale></attr><attr><attrlabl Sync="TRUE">AcPrincNom</attrlabl><attalias Sync="TRUE">AcPrincNom</attalias><attrtype Sync="TRUE">String</attrtype><attwidth Sync="TRUE">100</attwidth><atprecis Sync="TRUE">0</atprecis><attscale Sync="TRUE">0</attscale></attr><attr><attrlabl Sync="TRUE">Shape_Length</attrlabl><attalias Sync="TRUE">Shape_Length</attalias><attrtype Sync="TRUE">Double</attrtype><attwidth Sync="TRUE">8</attwidth><atprecis Sync="TRUE">0</atprecis><attscale Sync="TRUE">0</attscale><attrdef Sync="TRUE">Length of feature in internal units.</attrdef><attrdefs Sync="TRUE">Esri</attrdefs><attrdomv><udom Sync="TRUE">Positive real numbers that are automatically generated.</udom></attrdomv></attr><attr><attrlabl Sync="TRUE">Shape_Area</attrlabl><attalias Sync="TRUE">Shape_Area</attalias><attrtype Sync="TRUE">Double</attrtype><attwidth Sync="TRUE">8</attwidth><atprecis Sync="TRUE">0</atprecis><attscale Sync="TRUE">0</attscale><attrdef Sync="TRUE">Area of feature in internal units squared.</attrdef><attrdefs Sync="TRUE">Esri</attrdefs><attrdomv><udom Sync="TRUE">Positive real numbers that are automatically generated.</udom></attrdomv></attr></detailed></eainfo><mdDateSt Sync="TRUE">20181221</mdDateSt></metadata>
