<PAMDataset>
  <SRS dataAxisToSRSAxisMapping="2,1">GEOGCS["SIRGAS 2000",DATUM["Sistema_de_Referencia_Geocentrico_para_las_AmericaS_2000",SPHEROID["GRS 1980",6378137,298.257222101004,AUTHORITY["EPSG","7019"]],AUTHORITY["EPSG","6674"]],PRIMEM["Greenwich",0],UNIT["degree",0.0174532925199433,AUTHORITY["EPSG","9122"]],AXIS["Latitude",NORTH],AXIS["Longitude",EAST],AUTHORITY["EPSG","4674"]]</SRS>
  <GeoTransform> -4.1878427318000000e+01,  2.5000000000000001e-03,  0.0000000000000000e+00, -1.7894231252000001e+01,  0.0000000000000000e+00, -2.5000000000000001e-03</GeoTransform>
  <Metadata domain="IMAGE_STRUCTURE">
    <MDI key="INTERLEAVE">PIXEL</MDI>
  </Metadata>
  <Metadata>
    <MDI key="AREA_OR_POINT">Area</MDI>
  </Metadata>
  <PAMRasterBand band="1">
    <NoDataValue>0.00000000000000E+00</NoDataValue>
    <Metadata>
      <MDI key="STATISTICS_APPROXIMATE">YES</MDI>
      <MDI key="STATISTICS_MAXIMUM">254</MDI>
      <MDI key="STATISTICS_MEAN">183.95475238601</MDI>
      <MDI key="STATISTICS_MINIMUM">71</MDI>
      <MDI key="STATISTICS_STDDEV">53.730250634739</MDI>
      <MDI key="STATISTICS_VALID_PERCENT">19.31</MDI>
    </Metadata>
  </PAMRasterBand>
  <PAMRasterBand band="2">
    <NoDataValue>0.00000000000000E+00</NoDataValue>
    <Metadata>
      <MDI key="STATISTICS_APPROXIMATE">YES</MDI>
      <MDI key="STATISTICS_MAXIMUM">255</MDI>
      <MDI key="STATISTICS_MEAN">153.36098722067</MDI>
      <MDI key="STATISTICS_MINIMUM">13</MDI>
      <MDI key="STATISTICS_STDDEV">46.388689093189</MDI>
      <MDI key="STATISTICS_VALID_PERCENT">19.31</MDI>
    </Metadata>
  </PAMRasterBand>
  <PAMRasterBand band="3">
    <NoDataValue>0.00000000000000E+00</NoDataValue>
    <Metadata>
      <MDI key="STATISTICS_APPROXIMATE">YES</MDI>
      <MDI key="STATISTICS_MAXIMUM">255</MDI>
      <MDI key="STATISTICS_MEAN">87.863425230513</MDI>
      <MDI key="STATISTICS_MINIMUM">20</MDI>
      <MDI key="STATISTICS_STDDEV">69.151294147611</MDI>
      <MDI key="STATISTICS_VALID_PERCENT">19.31</MDI>
    </Metadata>
  </PAMRasterBand>
  <PAMRasterBand band="4">
    <NoDataValue>0.00000000000000E+00</NoDataValue>
  </PAMRasterBand>
</PAMDataset>
